frame,point_id,x,y,u,v,displacement
0,0,49.0,368.0,0.0,0.0,0.0
0,1,212.0,338.0,0.0,0.0,0.0
0,2,341.0,339.0,0.0,0.0,0.0
0,3,222.0,538.0,0.0,0.0,0.0
1,0,52.41925,362.97565,3.4192505,-5.024353,6.07745
1,1,216.04276,333.2758,4.042755,-4.7242126,6.217882
1,2,343.90295,333.1547,2.902954,-5.8453064,6.5264654
1,3,225.95274,532.0344,3.9527435,-5.965576,7.1562757
2,0,55.775024,361.61523,6.7750244,-6.3847656,9.309467
2,1,219.41309,332.4878,7.413086,-5.512207,9.237871
2,2,346.63168,331.80978,5.6316833,-7.190216,9.133184
2,3,228.74986,530.5855,6.7498627,-7.4144897,10.02673
3,0,60.845615,363.8476,11.845615,-4.152405,12.552333
3,1,223.3769,335.48682,11.376907,-2.5131836,11.651185
3,2,348.66867,333.42566,7.6686707,-5.574341,9.4806
3,3,232.89656,531.68097,10.896561,-6.319031,12.596236
4,0,65.3506,368.71216,16.350601,0.7121582,16.366104
4,1,226.43759,339.70737,14.437592,1.707367,14.538197
4,2,349.71503,336.8282,8.715027,-2.171814,8.981563
4,3,236.27055,534.64465,14.270554,-3.3553467,14.659708
5,0,67.7125,373.0419,18.712502,5.0419006,19.379848
5,1,226.38638,343.86502,14.386383,5.8650208,15.535974
5,2,348.70502,340.8606,7.705017,1.8605957,7.9264812
5,3,236.60857,536.5874,14.608566,-1.4125977,14.676704
6,0,70.35092,375.40546,21.350922,7.4054565,22.59873
6,1,226.42647,345.81464,14.426468,7.814636,16.407057
6,2,347.70575,342.99933,6.7057495,3.9993286,7.8077974
6,3,237.05446,536.1262,15.054459,-1.8737793,15.170622
7,0,73.14278,376.63138,24.142776,8.631378,25.639313
7,1,227.9353,346.65848,15.935303,8.658478,18.135687
7,2,347.1405,343.81097,6.140503,4.810974,7.800721
7,3,238.41676,534.6456,16.416763,-3.35437,16.755953
8,0,74.371735,378.6111,25.371735,10.6111145,27.501286
8,1,228.23006,348.10034,16.230057,10.100342,19.116266
8,2,345.86713,345.6048,4.8671265,6.6047974,8.204406
8,3,238.37082,535.4014,16.37082,-2.5985718,16.575773
9,0,78.022934,383.1257,29.022934,15.125702,32.727932
9,1,231.45206,351.3249,19.452057,13.32489,23.578278
9,2,348.7067,350.17224,7.7066956,11.172241,13.572476
9,3,241.53717,539.8481,19.53717,1.8480835,19.624384
10,0,84.23774,387.01825,35.23774,19.01825,40.042377
10,1,237.59929,355.3911,25.599289,17.391113,30.947931
10,2,353.90326,355.29144,12.903259,16.291443,20.78233
10,3,247.72571,544.6875,25.725708,6.6875,26.58072
11,0,92.59335,389.74786,43.593353,21.747864,48.71704
11,1,244.95212,359.22668,32.952118,21.226685,39.19712
11,2,360.90646,359.24332,19.906464,20.243317,28.391182
11,3,255.19916,547.3468,33.199158,9.346802,34.489807
12,0,101.46746,389.7075,52.46746,21.707489,56.780716
12,1,252.66621,360.41995,40.666214,22.419952,46.437004
12,2,367.67142,360.0675,26.671417,21.067505,33.988297
12,3,263.30536,546.1061,41.30536,8.106079,42.093243
13,0,106.638916,387.84216,57.638916,19.842163,60.95864
13,1,256.70798,358.51413,44.707977,20.51413,49.189762
13,2,370.39685,358.39243,29.39685,19.392426,35.217056
13,3,266.9757,541.86725,44.975708,3.8672485,45.141666
14,0,109.15778,386.3361,60.157784,18.33609,62.890152
14,1,257.3809,356.5687,45.38089,18.568695,49.03286
14,2,370.33066,356.47992,29.330658,17.47992,34.14433
14,3,267.53552,537.79767,45.535522,-0.20233154,45.535973
15,0,110.290085,386.43347,61.290085,18.433472,64.00209
15,1,257.56335,355.9178,45.563354,17.917786,48.959846
15,2,369.90714,356.305,28.907135,17.304993,33.691025
15,3,268.01587,535.65497,46.01587,-2.3450317,46.075584
16,0,109.97409,386.8339,60.97409,18.833893,63.816574
16,1,256.4571,356.08594,44.457092,18.085938,47.995148
16,2,368.6296,355.72302,27.629608,16.723022,32.296356
16,3,267.45087,535.507,45.450867,-2.492981,45.519184
17,0,107.86748,387.80533,58.867477,19.805328,62.10983
17,1,254.38669,356.94183,42.38669,18.941833,46.426548
17,2,366.9513,356.62027,25.951294,17.62027,31.367876
17,3,265.36072,536.5539,43.360718,-1.446106,43.384827
18,0,107.32309,388.95212,58.32309,20.952118,61.972366
18,1,253.98265,358.3678,41.98265,20.367798,46.662514
18,2,366.5945,357.58356,25.594513,18.583557,31.62954
18,3,264.82568,537.85535,42.825684,-0.14465332,42.825928
19,0,107.928894,389.65262,58.928894,21.652618,62.78097
19,1,254.57712,359.15036,42.577118,21.15036,47.54102
19,2,366.59543,357.5895,25.595428,18.589508,31.633776
19,3,265.79355,538.5768,43.79355,0.5767822,43.797344
20,0,107.536415,388.81274,58.536415,20.812744,62.126343
20,1,254.15172,358.9901,42.15172,20.990112,47.088768
20,2,365.68314,357.56943,24.683136,18.569427,30.888199
20,3,264.9816,537.6385,42.981598,-0.36151123,42.98312
21,0,107.35059,386.5388,58.350594,18.538788,61.22482
21,1,253.4708,356.8485,41.470795,18.84851,45.553192
21,2,364.55228,355.4786,23.552277,16.478607,28.744638
21,3,264.09976,534.47797,42.099762,-3.5220337,42.24683
22,0,106.7633,384.09995,57.763298,16.099945,59.965046
22,1,252.45528,354.53613,40.455276,16.536133,43.704384
22,2,363.1723,353.13867,22.172302,14.138672,26.296637
22,3,262.9881,531.2549,40.9881,-6.745117,41.539387
23,0,103.86815,383.53925,54.86815,15.539246,57.02615
23,1,249.78279,354.2105,37.78279,16.21051,41.113503
23,2,359.65057,351.63956,18.650574,12.639557,22.530031
23,3,259.94403,530.35175,37.94403,-7.6482544,38.707176
24,0,101.57989,384.35294,52.579887,16.352936,55.06417
24,1,246.66702,354.9776,34.667023,16.9776,38.601055
24,2,356.9901,352.18103,15.990112,13.18103,20.72253
24,3,256.67456,531.004,34.67456,-6.9959717,35.37328
25,0,100.85218,385.5513,51.85218,17.5513,54.742092
25,1,245.76025,355.73056,33.760254,17.73056,38.133026
25,2,356.5966,353.20865,15.596588,14.208649,21.098324
25,3,256.32574,531.4326,34.325745,-6.567383,34.94835
26,0,98.96328,386.23035,49.96328,18.230347,53.185287
26,1,243.54881,356.52274,31.548813,18.522736,36.58441
26,2,354.8407,353.5286,13.840698,14.528595,20.066017
26,3,254.35187,532.1863,32.351868,-5.8137207,32.870087
27,0,97.54298,386.65936,48.542976,18.659363,52.005695
27,1,241.87967,356.81,29.87967,18.809998,35.307373
27,2,352.883,353.54898,11.882996,14.548981,18.785059
27,3,252.5512,532.40045,30.551193,-5.5995483,31.060108
28,0,97.00946,385.96878,48.00946,17.96878,51.26193
28,1,241.31459,356.41483,29.31459,18.414825,34.618652
28,2,351.7787,353.03522,10.778687,14.035217,17.696537
28,3,251.66301,531.7971,29.66301,-6.202881,30.304619
29,0,96.729576,384.8688,47.729576,16.868805,50.622814
29,1,240.57353,355.28638,28.573532,17.286377,33.39559
29,2,351.42715,352.33176,10.427155,13.331757,16.925167
29,3,250.96214,530.57245,28.962143,-7.4275513,29.899403
30,0,94.987076,384.48648,45.987076,16.48648,48.852993
30,1,238.91904,354.5359,26.919037,16.535889,31.592247
30,2,349.5973,351.3308,8.59729,12.330811,15.032042
30,3,249.37161,529.9411,27.371613,-8.058899,28.533333
31,0,93.264336,384.43918,44.264336,16.439178,47.21841
31,1,237.17471,354.49188,25.174713,16.491882,30.095654
31,2,348.58228,351.1363,7.5822754,12.1362915,14.310153
31,3,247.63965,529.9676,25.639648,-8.03241,26.868404
32,0,92.39909,384.66156,43.399094,16.66156,46.487514
32,1,236.46446,354.56464,24.464462,16.564636,29.544832
32,2,347.73734,351.0468,6.737335,12.046814,13.802805
32,3,246.94556,529.96356,24.945557,-8.036438,26.208113
33,0,90.71729,385.253,41.717293,17.25299,45.14419
33,1,234.76031,354.8695,22.760315,16.869507,28.33041
33,2,346.6217,351.0815,5.621704,12.081512,13.325408
33,3,245.59578,530.4732,23.59578,-7.5267944,24.767185
34,0,88.024124,385.42487,39.024124,17.424866,42.737667
34,1,232.1072,354.93127,20.107193,16.931274,26.286257
34,2,344.48502,351.41763,3.4850159,12.417633,12.897401
34,3,242.87076,531.1777,20.870758,-6.8223267,21.95752
35,0,87.01728,386.1714,38.01728,18.171387,42.136837
35,1,231.02336,355.49362,19.023361,17.493622,25.844051
35,2,343.36694,351.82858,2.3669434,12.828583,13.045113
35,3,241.92896,531.921,19.928955,-6.0789795,20.83548
36,0,86.869095,386.82733,37.869095,18.827332,42.291096
36,1,230.95541,355.8171,18.955414,17.817108,26.014555
36,2,343.3051,352.3018,2.3051147,13.301788,13.500042
36,3,241.90965,532.3695,19.909653,-5.630493,20.690498
37,0,86.85936,386.724,37.85936,18.723999,42.23647
37,1,231.0537,355.59167,19.053696,17.591675,25.932804
37,2,342.89423,351.45868,1.8942261,12.458679,12.601856
37,3,241.914,532.36523,19.914001,-5.6347656,20.695845
38,0,89.023315,385.794,40.023315,17.794006,43.8006
38,1,233.14174,354.79626,21.141739,16.796265,27.001623
38,2,344.9517,350.85773,3.9516907,11.857727,12.498862
38,3,244.09857,531.6028,22.098572,-6.397217,23.005896
39,0,91.34057,383.9433,42.34057,15.943298,45.242817
39,1,236.07854,352.77032,24.078537,14.770325,28.247805
39,2,347.81256,349.12576,6.812561,10.125763,12.204183
39,3,246.86108,529.97656,24.861084,-8.0234375,26.123726
40,0,92.432,382.30484,43.432,14.30484,45.727093
40,1,237.715,351.20694,25.714996,13.20694,28.908205
40,2,349.42557,347.67148,8.425568,8.671478,12.090688
40,3,247.97,528.6816,25.970001,-9.31842,27.591192
41,0,93.74813,381.24527,44.74813,13.24527,46.66725
41,1,239.1639,350.13882,27.163895,12.138824,29.752787
41,2,351.16626,346.51297,10.16626,7.51297,12.641106
41,3,249.13248,527.9299,27.132477,-10.070129,28.940954
42,0,96.174416,380.879,47.174416,12.878998,48.90086
42,1,241.13786,349.2443,29.137863,11.244293,31.232182
42,2,353.18732,346.60214,12.187317,7.6021423,14.363957
42,3,251.12216,527.2212,29.122162,-10.778809,31.052908
43,0,97.61293,381.06345,48.61293,13.063446,50.337566
43,1,242.62025,349.21814,30.620255,11.21814,32.61053
43,2,354.05087,346.20392,13.050873,7.2039185,14.907104
43,3,252.62373,526.7511,30.623734,-11.248901,32.62439
44,0,100.0618,381.06674,51.0618,13.066742,52.70718
44,1,244.82454,348.9274,32.82454,10.927399,34.595642
44,2,355.97128,346.1384,14.971283,7.138397,16.58602
44,3,254.84683,526.7066,32.846832,-11.293396,34.734062
45,0,101.92679,381.01575,52.92679,13.015747,54.50371
45,1,246.8275,348.9013,34.8275,10.901306,36.493744
45,2,357.36923,345.59686,16.369232,6.596863,17.648521
45,3,257.2763,526.3264,35.276306,-11.673584,37.157642
46,0,101.245575,380.437,52.245575,12.437012,53.705486
46,1,246.70782,348.1012,34.707825,10.101196,36.147854
46,2,357.70615,345.13928,16.706146,6.139282,17.798487
46,3,256.71732,525.9689,34.717316,-12.031128,36.74289
47,0,101.25955,379.4201,52.259552,11.420105,53.492798
47,1,246.67627,347.06732,34.67627,9.067322,35.842155
47,2,358.38556,344.24448,17.38556,5.2444763,18.159355
47,3,256.5902,525.32623,34.59021,-12.673767,36.838936
48,0,102.00582,378.38556,53.00582,10.385559,54.013676
48,1,247.49106,346.00797,35.49106,8.007965,36.383274
48,2,359.4566,343.1922,18.456604,4.1921997,18.926722
48,3,257.55847,524.43494,35.55847,-13.565063,38.05806
49,0,101.423645,378.21902,52.423645,10.219025,53.410362
49,1,246.96037,345.5192,34.960373,7.5191956,35.75984
49,2,358.8792,342.94138,17.879211,3.9413757,18.308485
49,3,257.1137,523.9972,35.11371,-14.002808,37.80279
50,0,100.46341,378.1282,51.46341,10.128204,52.450577
50,1,245.88855,345.29614,33.88855,7.2961426,34.665077
50,2,357.94043,342.29904,16.94043,3.2990417,17.258673
50,3,256.00598,523.94244,34.00598,-14.057556,36.79703
51,0,100.16806,378.537,51.16806,10.536987,52.24173
51,1,245.3465,345.78,33.346497,7.779999,34.24204
51,2,357.0886,342.34024,16.088593,3.3402405,16.431677
51,3,255.65488,524.11646,33.654877,-13.883545,36.406094
52,0,99.523674,379.68942,50.523674,11.689423,51.858307
52,1,244.23866,346.69452,32.238663,8.694519,33.390507
52,2,355.7277,343.13956,14.727692,4.139557,15.298393
52,3,254.78758,524.8058,32.787582,-13.194214,35.34279
53,0,100.057,381.0752,51.057,13.075195,52.704628
53,1,244.31158,347.6425,32.311584,9.642487,33.71967
53,2,355.69565,343.89124,14.695648,4.8912354,15.488262
53,3,254.89577,525.47687,32.895767,-12.523132,35.198868
54,0,100.27379,382.5703,51.27379,14.5703125,53.303802
54,1,244.25653,348.004,32.25653,10.003998,33.772232
54,2,355.73737,344.8014,14.737366,5.8013916,15.838121
54,3,255.11479,526.35144,33.11479,-11.64856,35.103825
55,0,98.13706,383.62314,49.137062,15.623138,51.560966
55,1,242.07236,348.93817,30.072357,10.938171,31.999847
55,2,353.94437,345.71872,12.944366,6.7187195,14.584163
55,3,253.15555,527.6045,31.155548,-10.395508,32.844097
56,0,96.69817,385.35074,47.698174,17.350739,50.755924
56,1,240.94843,350.13327,28.948425,12.13327,31.388336
56,2,352.72336,346.87494,11.723358,7.874939,14.122741
56,3,251.8829,529.7036,29.882904,-8.296387,31.013191
57,0,96.00353,386.51596,47.003532,18.51596,50.519035
57,1,240.71712,351.26782,28.717117,13.267822,31.633968
57,2,352.6466,347.78705,11.646606,8.787048,14.589574
57,3,251.59273,531.47314,29.592728,-6.5268555,30.303951
58,0,93.142334,387.46866,44.142334,19.468658,48.24494
58,1,238.48318,351.84613,26.483185,13.84613,29.88435
58,2,351.16833,348.30673,10.168335,9.306732,13.784422
58,3,248.94017,533.0116,26.94017,-4.9884033,27.398119
59,0,91.43493,388.2904,42.43493,20.290405,47.036407
59,1,236.63225,352.47015,24.632248,14.470154,28.56804
59,2,349.9933,348.997,8.993286,9.997009,13.44691
59,3,247.11742,534.5161,25.117416,-3.4838867,25.35788
60,0,92.806915,389.31168,43.806915,21.311676,48.715843
60,1,238.2305,352.46072,26.2305,14.460724,29.95249
60,2,351.65793,349.12848,10.657928,10.128479,14.702976
60,3,248.92847,535.0423,26.928467,-2.9577026,27.09041
61,0,93.45699,390.28003,44.456993,22.28003,49.727497
61,1,238.79732,352.65842,26.797318,14.658417,30.544483
61,2,352.75897,348.63568,11.758972,9.635681,15.202624
61,3,250.37154,535.5318,28.371536,-2.4682007,28.478697
62,0,93.6341,391.36102,44.6341,23.361023,50.377975
62,1,238.7607,352.98285,26.760696,14.982849,30.66954
62,2,352.74115,348.63626,11.74115,9.636261,15.189211
62,3,250.55772,536.1538,28.557724,-1.8461914,28.617338
63,0,94.51405,391.99173,45.514053,23.99173,51.450287
63,1,238.70882,353.45844,26.708817,15.458435,30.859749
63,2,352.74313,348.8164,11.743134,9.816406,15.305653
63,3,251.25975,536.2045,29.25975,-1.7954712,29.314787
64,0,94.752335,392.64996,45.752335,24.649963,51.970154
64,1,238.82117,353.5875,26.821167,15.587494,31.021685
64,2,352.8594,349.30286,11.8594055,10.302856,15.709689
64,3,251.43605,536.5555,29.43605,-1.444519,29.471472
65,0,94.05024,393.39124,45.05024,25.391235,51.713043
65,1,238.24481,354.41925,26.244812,16.41925,30.957745
65,2,351.8019,350.03284,10.80191,11.032837,15.440361
65,3,250.3753,537.1425,28.375305,-0.8574829,28.38826
66,0,93.22273,393.8619,44.222733,25.861908,51.22976
66,1,237.18282,354.8007,25.182816,16.80069,30.272717
66,2,351.2555,350.8634,10.255493,11.863403,15.681692
66,3,249.05128,537.68024,27.051285,-0.31976318,27.053175
67,0,92.60506,394.01614,43.605057,26.016144,50.77638
67,1,236.71513,355.11603,24.715134,17.116028,30.063204
67,2,351.1365,351.41058,10.136505,12.4105835,16.024084
67,3,248.40753,538.092,26.407532,0.09197998,26.407692
68,0,92.50393,394.27643,43.50393,26.276428,50.823643
68,1,236.78818,355.11536,24.788177,17.115356,30.1229
68,2,350.6587,350.9668,9.658691,11.966797,15.378379
68,3,248.53392,538.22595,26.53392,0.22595215,26.534882
69,0,92.13292,394.32025,43.13292,26.320251,50.529243
69,1,236.43465,355.08786,24.434647,17.08786,29.816889
69,2,350.41534,351.43408,9.415344,12.434082,15.596638
69,3,247.85104,537.92847,25.851044,-0.0715332,25.851143
70,0,92.12151,394.259,43.121513,26.259003,50.487625
70,1,236.15672,354.6618,24.156723,16.661804,29.34558
70,2,350.38904,351.1155,9.389038,12.115509,15.32774
70,3,247.79645,537.5251,25.796448,-0.47491455,25.80082
71,0,92.05261,394.19196,43.052612,26.191956,50.393906
71,1,236.31204,354.3744,24.312042,16.37439,29.312046
71,2,350.2673,350.3669,9.267303,11.366913,14.665935
71,3,248.0393,537.50336,26.039307,-0.49664307,26.044043
72,0,91.62029,394.0992,42.620293,26.099213,49.976578
72,1,236.02565,354.23358,24.02565,16.233582,28.99588
72,2,350.2668,350.36563,9.266815,11.365631,14.664632
72,3,247.67488,537.3226,25.674881,-0.6774292,25.683817
73,0,92.16679,393.50293,43.166786,25.50293,50.13752
73,1,236.42447,353.54794,24.424469,15.547943,28.953293
73,2,350.42313,349.73715,9.423126,10.737152,14.285719
73,3,248.03769,536.4542,26.03769,-1.5457764,26.083532
74,0,92.1926,393.5871,43.192596,25.587097,50.202587
74,1,236.44168,353.45004,24.44168,15.450043,28.915386
74,2,350.46048,349.50797,9.46048,10.507965,14.139236
74,3,248.15839,536.4739,26.158386,-1.526123,26.202866
75,0,90.973015,393.97812,41.973015,25.978119,49.361897
75,1,235.02081,353.48767,23.020813,15.487671,27.745735
75,2,349.79474,349.6536,8.794739,10.653595,13.814721
75,3,247.03377,536.7671,25.033768,-1.2329102,25.06411
76,0,91.26886,394.39795,42.26886,26.39795,49.83481
76,1,235.04538,353.43396,23.04538,15.43396,27.736197
76,2,349.88522,349.7314,8.885223,10.731415,13.932353
76,3,247.06897,536.7868,25.06897,-1.2131958,25.098309
77,0,92.8646,395.18655,43.8646,27.186554,51.606316
77,1,236.312,354.16986,24.311996,16.16986,29.198246
77,2,350.96378,350.09595,9.963776,11.095947,14.912977
77,3,248.29071,537.30304,26.29071,-0.69696045,26.299948
78,0,93.3904,396.6511,44.390404,28.651093,52.833637
78,1,236.35951,355.56693,24.359512,17.566925,30.033028
78,2,351.12756,351.91718,10.127563,12.917175,16.414047
78,3,248.25208,538.40735,26.252075,0.40734863,26.255236
79,0,94.3719,397.6643,45.371902,29.664307,54.208675
79,1,237.06961,356.56088,25.06961,18.560883,31.192816
79,2,351.4085,352.80887,10.408508,13.808868,17.29225
79,3,248.66298,539.33636,26.66298,1.3363647,26.696447
80,0,95.56969,397.97116,46.569687,29.97116,55.380558
80,1,238.38626,356.68506,26.386261,18.685059,32.332123
80,2,352.3594,352.8894,11.3594055,13.889404,17.943012
80,3,249.67152,539.3192,27.671524,1.3192139,27.702951
81,0,96.084885,398.20752,47.084885,30.20752,55.94176
81,1,238.69548,356.76477,26.69548,18.76477,32.63074
81,2,352.2845,353.12854,11.284485,14.12854,18.081903
81,3,249.94351,539.37274,27.943512,1.3727417,27.97721
82,0,95.670944,399.09027,46.670944,31.090271,56.078354
82,1,238.02054,357.746,26.020538,19.746002,32.664555
82,2,351.89526,353.89606,10.895264,14.896057,18.455332
82,3,249.33812,539.8731,27.33812,1.8731079,27.402214
83,0,95.11615,399.4038,46.11615,31.403809,55.793354
83,1,237.11563,358.10605,25.115631,20.106049,32.172165
83,2,350.8267,354.09448,9.826691,15.094482,18.011309
83,3,248.42145,539.98425,26.421448,1.9842529,26.495852
84,0,95.15661,399.53018,46.15661,31.530182,55.897987
84,1,236.81409,358.09872,24.814087,20.098724,31.932705
84,2,349.9006,353.97534,8.900604,14.975342,17.420725
84,3,247.94417,539.5598,25.944168,1.5598145,25.991016
85,0,94.99753,400.15372,45.997528,32.153717,56.1216
85,1,236.19864,358.36758,24.198639,20.367584,31.6293
85,2,349.15723,353.86945,8.157227,14.869446,16.959974
85,3,247.51242,539.54175,25.51242,1.541748,25.558964
86,0,93.98682,401.0191,44.986816,33.019104,55.803894
86,1,234.7497,359.17075,22.749695,21.170746,31.076506
86,2,347.9525,354.65118,6.9525146,15.651184,17.125917
86,3,245.84549,540.39026,23.84549,2.3902588,23.964989
87,0,93.65136,401.50925,44.65136,33.509247,55.826637
87,1,234.1689,359.30444,22.1689,21.304443,30.746372
87,2,347.41537,354.9293,6.4153748,15.929291,17.172634
87,3,245.14185,540.5156,23.141846,2.515625,23.278175
88,0,93.35283,401.2786,44.35283,33.278595,55.44942
88,1,233.09941,359.2719,21.099411,21.271912,29.961298
88,2,346.92166,355.1113,5.9216614,16.111298,17.165081
88,3,244.09697,539.9252,22.09697,1.9251709,22.180676
89,0,93.18076,400.9714,44.180763,32.971405,55.12761
89,1,232.5607,358.71317,20.5607,20.713165,29.185228
89,2,346.63547,354.56506,5.6354675,15.565063,16.553843
89,3,243.66422,539.1717,21.664215,1.1716919,21.695877
90,0,93.33909,401.17413,44.33909,33.174133,55.375786
90,1,232.5056,358.68967,20.5056,20.689667,29.129744
90,2,346.58337,354.34668,5.583374,15.34668,16.330788
90,3,243.93541,538.9547,21.93541,0.9547119,21.956177
91,0,93.5486,401.3639,44.5486,33.36389,55.657227
91,1,232.48715,358.8593,20.487152,20.859314,29.23755
91,2,346.48395,354.35864,5.4839478,15.358643,16.308329
91,3,244.26453,538.8592,22.264526,0.8591919,22.2811
92,0,93.417816,401.13837,44.417816,33.138367,55.41745
92,1,232.26973,358.86743,20.26973,20.867432,29.091436
92,2,346.18756,354.2399,5.187561,15.239899,16.098612
92,3,243.86624,538.39496,21.866241,0.3949585,21.869808
93,0,95.03503,400.58044,46.035027,32.580444,56.397774
93,1,233.65575,358.28442,21.655746,20.284424,29.672028
93,2,347.07416,353.43002,6.0741577,14.430023,15.65634
93,3,245.28218,537.3582,23.28218,-0.64178467,23.291023
94,0,97.433014,400.21255,48.433014,32.212555,58.16705
94,1,236.02176,357.69098,24.021759,19.690979,31.0609
94,2,348.85718,352.79556,7.8571777,13.795563,15.876171
94,3,247.75797,536.21625,25.757965,-1.7837524,25.819654
95,0,98.70949,399.32205,49.709488,31.322052,58.75461
95,1,237.06648,356.98508,25.066483,18.985077,31.444582
95,2,349.80148,352.4988,8.801483,13.49881,16.114712
95,3,248.59915,535.1386,26.599152,-2.8613892,26.752615
96,0,100.36914,398.2501,51.36914,30.250092,59.61423
96,1,238.65817,356.0119,26.658173,18.011902,32.172764
96,2,350.66815,351.48065,9.668152,12.480652,15.787332
96,3,249.73488,533.6409,27.734879,-4.35907,28.075344
97,0,103.71474,397.67126,54.714737,29.671265,62.24216
97,1,241.7942,355.2291,29.794205,17.229095,34.417095
97,2,352.74582,350.9838,11.745819,11.983795,16.780214
97,3,252.74344,532.23486,30.743439,-5.7651367,31.27932
98,0,105.48207,397.1347,56.48207,29.134705,63.553562
98,1,243.25352,354.6801,31.253525,16.680115,35.426105
98,2,353.83652,350.43542,12.836517,11.435425,17.191425
98,3,254.2497,531.0082,32.249695,-6.9918213,32.998917
99,0,107.37313,396.4702,58.37313,28.470215,64.945946
99,1,244.77658,354.13287,32.77658,16.132874,36.53182
99,2,354.86298,349.69666,13.862976,10.696655,17.510012
99,3,255.85387,529.75214,33.853867,-8.247864,34.8441
100,0,109.32268,395.75366,60.322678,27.753662,66.400986
100,1,246.48941,353.4991,34.48941,15.499115,37.811928
100,2,356.33206,349.2154,15.332062,10.215393,18.423527
100,3,257.6247,528.5847,35.624695,-9.415283,36.84788
101,0,109.99003,395.01453,60.99003,27.014526,66.70508
101,1,247.07065,352.52115,35.07065,14.521149,37.958057
101,2,356.899,348.1694,15.898987,9.169403,18.35363
101,3,258.3239,527.5024,36.323914,-10.49762,37.810406
102,0,109.65243,394.44623,60.652428,26.446228,66.167366
102,1,246.53339,351.70496,34.533386,13.704956,37.153473
102,2,356.56952,347.59525,15.569519,8.595245,17.784492
102,3,257.8288,526.60815,35.828796,-11.391846,37.596233
103,0,108.99447,393.97388,59.99447,25.973877,65.37567
103,1,245.61443,351.2596,33.614426,13.259613,36.13512
103,2,355.4969,346.66293,14.496887,7.6629333,16.39757
103,3,257.06958,525.9467,35.06958,-12.053284,37.08311
104,0,108.230606,393.42804,59.230606,25.42804,64.45812
104,1,244.4019,350.66077,32.4019,12.660767,34.787617
104,2,354.517,346.21368,13.516998,7.213684,15.321439
104,3,255.828,525.11914,33.828003,-12.880859,36.19738
105,0,107.788055,392.86667,58.788055,24.866669,63.83092
105,1,243.90851,349.9608,31.908508,11.960785,34.07658
105,2,353.48218,344.81586,12.482178,5.815857,13.770583
105,3,255.40807,524.1715,33.408066,-13.828491,36.156963
106,0,107.69933,392.62778,58.699333,24.627777,63.656414
106,1,243.35252,349.58328,31.352524,11.583282,33.423843
106,2,352.97275,344.5348,11.972748,5.53479,13.19017
106,3,254.95636,523.5513,32.95636,-14.44873,35.984543
107,0,106.13354,392.31616,57.133537,24.316162,62.092808
107,1,241.44995,349.37302,29.449951,11.373016,31.569687
107,2,350.91635,343.9906,9.916351,4.9906006,11.1013565
107,3,252.8979,522.89636,30.897903,-15.103638,34.391865
108,0,104.984055,391.5159,55.984055,23.5159,60.722416
108,1,239.62534,348.72275,27.625336,10.722748,29.633368
108,2,349.01935,343.52048,8.019348,4.5204773,9.205687
108,3,251.01701,521.74927,29.017014,-16.250732,33.257683
109,0,105.26334,391.03278,56.263344,23.032776,60.795334
109,1,239.61101,348.04596,27.611008,10.045959,29.38178
109,2,349.09293,343.26157,8.092926,4.261566,9.146387
109,3,251.23898,520.55774,29.238983,-17.44226,34.046303
110,0,104.53604,390.70673,55.53604,22.706726,59.99873
110,1,238.80412,347.78995,26.804123,9.7899475,28.536015
110,2,348.02197,342.62073,7.0219727,3.6207275,7.9004917
110,3,250.46875,520.0244,28.46875,-17.975586,33.66885
111,0,103.37203,390.81818,54.372032,22.818176,58.96598
111,1,237.3546,348.0244,25.354599,10.024414,27.264347
111,2,346.5694,343.11462,5.569397,4.114624,6.924472
111,3,248.59258,519.8746,26.592575,-18.125427,32.18223
112,0,104.26162,391.56512,55.26162,23.565125,60.076298
112,1,237.79854,348.60025,25.798538,10.60025,27.891394
112,2,346.285,343.19873,5.2850037,4.1987305,6.7498593
112,3,249.1012,519.9169,27.101196,-18.08313,32.580276
113,0,105.759834,391.80637,56.759834,23.806366,61.550156
113,1,238.72786,348.89444,26.72786,10.89444,28.862906
113,2,346.97775,343.32614,5.9777527,4.3261414,7.3789587
113,3,250.24779,519.72864,28.247787,-18.271362,33.64194
114,0,106.46808,391.0824,57.46808,23.082397,61.930424
114,1,239.20253,348.31677,27.20253,10.316772,29.093185
114,2,347.06143,342.68835,6.061432,3.6883545,7.095415
114,3,250.32173,518.4724,28.321732,-19.527588,34.401268
115,0,108.83946,389.33688,59.839462,21.336884,63.52971
115,1,241.4228,346.62146,29.422806,8.62146,30.659925
115,2,348.89822,341.36203,7.898224,2.36203,8.243854
115,3,252.51482,516.46924,30.514816,-21.530762,37.346054
116,0,110.88681,388.3315,61.88681,20.331512,65.14098
116,1,243.54893,345.34747,31.548935,7.347473,32.39322
116,2,350.8766,339.92007,9.876587,0.92007446,9.91935
116,3,254.6089,515.2633,32.608902,-22.736694,39.75296
117,0,111.18215,388.11276,62.18215,20.112762,65.35399
117,1,243.56726,345.38522,31.56726,7.3852234,32.419647
117,2,350.6138,339.95932,9.6138,0.95932007,9.661545
117,3,254.22372,514.79016,32.223724,-23.209839,39.712276
118,0,111.6917,387.5359,62.691704,19.535889,65.66507
118,1,243.81166,345.1603,31.81166,7.160309,32.607544
118,2,350.68094,339.9264,9.680939,0.9263916,9.725162
118,3,253.99739,513.9282,31.99739,-24.071777,40.041023
119,0,113.766136,386.70294,64.766136,18.702942,67.41255
119,1,245.76549,344.1632,33.765488,6.163208,34.323364
119,2,352.3033,338.93863,11.303314,-0.06137085,11.303481
119,3,255.94112,512.8799,33.941116,-25.120117,42.22582
120,0,115.090385,386.64215,66.090385,18.64215,68.66927
120,1,247.01103,343.7363,35.011032,5.7362976,35.477844
120,2,352.82047,338.2327,11.820465,-0.76730347,11.845343
120,3,257.17847,512.2269,35.178467,-25.773071,43.609352
121,0,115.72458,386.48917,66.72458,18.489166,69.23885
121,1,247.20058,343.69885,35.200577,5.6988525,35.658905
121,2,352.95273,338.14267,11.952728,-0.8573303,11.983436
121,3,257.34082,511.82397,35.34082,-26.176025,43.97906
122,0,117.259674,386.5927,68.259674,18.592712,70.74654
122,1,248.41371,343.70694,36.41371,5.7069397,36.858208
122,2,353.91336,338.3009,12.913361,-0.6990967,12.932271
122,3,258.59943,511.427,36.599426,-26.572998,45.228775
123,0,118.289185,386.65152,69.289185,18.65152,71.75563
123,1,249.36266,343.76663,37.362656,5.766632,37.805054
123,2,354.6148,338.26093,13.614807,-0.7390747,13.634852
123,3,259.3955,511.28,37.395508,-26.720001,45.96066
124,0,117.20584,386.25735,68.20584,18.257355,70.60714
124,1,247.84657,343.71683,35.846573,5.7168274,36.299572
124,2,353.53226,338.57663,12.532257,-0.42337036,12.539406
124,3,257.57233,510.88132,35.572327,-27.118683,44.730453
125,0,115.68321,385.80145,66.68321,17.801453,69.018425
125,1,246.02954,343.4832,34.02954,5.483185,34.468464
125,2,351.90427,338.4473,10.904266,-0.55270386,10.918264
125,3,255.18391,510.38806,33.183914,-27.611938,43.169334
126,0,115.313614,385.32648,66.313614,17.326477,68.53979
126,1,245.52153,343.12357,33.52153,5.1235657,33.910824
126,2,351.13538,338.0412,10.135376,-0.95880127,10.180626
126,3,254.63885,509.77145,32.638855,-28.228546,43.152584
127,0,113.739624,384.5989,64.739624,16.598907,66.833694
127,1,244.11482,342.45215,32.114822,4.4521484,32.42196
127,2,349.8839,337.41245,8.883911,-1.5875549,9.024645
127,3,253.0839,509.20154,31.083893,-28.798462,42.374046
128,0,111.793564,384.05646,62.793564,16.056458,64.8139
128,1,242.12021,341.81592,30.120209,3.815918,30.360966
128,2,347.86768,336.5569,6.867676,-2.4431152,7.2892923
128,3,250.74818,508.54034,28.748184,-29.459656,41.16223
129,0,111.13501,383.22537,62.13501,15.225372,63.97321
129,1,241.41205,340.98004,29.412048,2.9800415,29.562634
129,2,346.77933,335.35553,5.7793274,-3.6444702,6.83248
129,3,250.1078,507.71545,28.107803,-30.284546,41.318306
130,0,110.03497,382.40417,61.034973,14.404175,62.711628
130,1,240.48476,340.2764,28.484756,2.2763977,28.575573
130,2,346.50806,334.52228,5.5080566,-4.477722,7.098499
130,3,249.0759,507.19955,27.075897,-30.800446,41.009407
131,0,108.31983,382.202,59.31983,14.201996,60.996223
131,1,239.08138,339.6467,27.081375,1.646698,27.131393
131,2,345.82568,334.13336,4.8256836,-4.866638,6.8535676
131,3,247.68663,507.05923,25.68663,-30.940765,40.213604
132,0,107.32039,381.69727,58.32039,13.697266,59.907284
132,1,238.22527,338.8638,26.225266,0.86380005,26.239487
132,2,345.24698,333.10327,4.2469788,-5.8967285,7.2669277
132,3,246.80663,506.91895,24.806625,-31.081055,39.766827
133,0,106.51908,381.3753,57.51908,13.375305,59.053734
133,1,237.72597,338.37048,25.725967,0.3704834,25.728634
133,2,345.28308,332.28687,4.283081,-6.713135,7.9631
133,3,246.31396,506.57788,24.313965,-31.42212,39.73057
134,0,106.217285,381.78537,57.217285,13.78537,58.854515
134,1,237.55286,338.46506,25.552856,0.46505737,25.557089
134,2,344.96008,331.95407,3.960083,-7.045929,8.082535
134,3,246.27292,506.9888,24.272919,-31.0112,39.381077
135,0,106.37356,382.37823,57.373558,14.378235,59.14777
135,1,237.69641,338.6366,25.696411,0.6365967,25.704296
135,2,344.953,331.90085,3.953003,-7.0991516,8.125526
135,3,246.74355,507.2494,24.743546,-30.75061,39.46952
136,0,106.37578,381.91016,57.37578,13.910156,59.03789
136,1,237.64609,338.19742,25.646088,0.19741821,25.646849
136,2,345.29932,331.56998,4.2993164,-7.430023,8.584251
136,3,246.69868,506.7784,24.698685,-31.221588,39.809704
137,0,105.843735,381.43442,56.843735,13.434418,58.409706
137,1,237.17271,337.72595,25.172714,-0.27404785,25.174206
137,2,344.9336,331.28848,3.9335938,-7.7115173,8.656827
137,3,246.00703,506.35208,24.007034,-31.647919,39.72315
138,0,105.37409,380.6275,56.374092,12.627502,57.771034
138,1,236.89532,336.97757,24.895325,-1.0224304,24.916311
138,2,344.84998,331.0166,3.8499756,-7.9833984,8.863236
138,3,245.41016,505.50674,23.410156,-32.493256,40.048058
139,0,104.89842,378.77527,55.898422,10.775269,56.927498
139,1,236.68648,335.23154,24.686478,-2.7684631,24.841227
139,2,344.86618,329.48297,3.8661804,-9.517029,10.27235
139,3,244.97107,503.9738,22.97107,-34.026215,41.05427
140,0,104.29661,376.80045,55.296608,8.800446,55.992523
140,1,236.5382,333.0231,24.538193,-4.976898,25.03782
140,2,344.83432,327.5758,3.83432,-11.424194,12.050487
140,3,244.55673,502.22644,22.556732,-35.77356,42.291294
141,0,104.261795,375.206,55.261795,7.2059937,55.729633
141,1,236.8034,331.50406,24.803406,-6.495941,25.639933
141,2,344.88293,326.29,3.8829346,-12.709991,13.2898855
141,3,244.61993,500.84158,22.619934,-37.158417,43.50183
142,0,103.79238,373.3942,54.79238,5.3941956,55.057266
142,1,236.54648,330.0698,24.546478,-7.9302063,25.795692
142,2,344.99362,325.20163,3.9936218,-13.79837,14.36468
142,3,243.92766,499.48172,21.927658,-38.51828,44.322456
143,0,102.98087,371.41757,53.980873,3.417572,54.088947
143,1,235.78603,328.14682,23.786026,-9.85318,25.74607
143,2,344.8034,323.5608,3.8034058,-15.439209,15.900788
143,3,242.75809,497.7236,20.758087,-40.276398,45.310997
144,0,104.03988,369.7877,55.03988,1.7876892,55.0689
144,1,236.72365,326.2647,24.723648,-11.735291,27.367422
144,2,345.73724,322.28503,4.7372437,-16.714966,17.3733
144,3,243.83493,495.9025,21.83493,-42.097504,47.423244
145,0,105.78473,368.5053,56.78473,0.50531006,56.786976
145,1,238.44771,324.5667,26.447708,-13.433289,29.66369
145,2,346.9963,320.835,5.9963074,-18.165009,19.12912
145,3,245.58086,494.07968,23.580856,-43.92032,49.85029
146,0,106.930824,367.61533,57.930824,-0.38467407,57.932102
146,1,239.17993,323.5998,27.179932,-14.4002075,30.758976
146,2,346.9668,319.43307,5.966797,-19.566925,20.456472
146,3,246.32388,492.686,24.323883,-45.313995,51.429657
147,0,107.69973,367.51688,58.69973,-0.48312378,58.701717
147,1,239.35051,323.6083,27.35051,-14.391693,30.905844
147,2,346.98395,319.38556,5.9839478,-19.61444,20.506924
147,3,246.48874,491.71997,24.488739,-46.28003,52.359715
148,0,107.82408,367.2919,58.82408,-0.70809937,58.828342
148,1,238.98112,323.81885,26.981125,-14.181152,30.480915
148,2,346.2747,318.89212,5.2746887,-20.10788,20.788198
148,3,245.64491,490.8617,23.644913,-47.138306,52.73615
149,0,108.58297,367.74893,59.58297,-0.25106812,59.5835
149,1,238.94182,324.88232,26.941818,-13.117676,29.965563
149,2,345.8826,320.011,4.882599,-18.989014,19.606693
149,3,245.5124,490.6348,23.512405,-47.365204,52.880013
150,0,110.086784,368.30447,61.086784,0.30447388,61.087543
150,1,239.91444,325.81567,27.914444,-12.184326,30.45774
150,2,345.4161,320.01816,4.416107,-18.981842,19.488775
150,3,246.36911,490.32605,24.36911,-47.67395,53.541187
151,0,112.26078,367.86777,63.26078,-0.13223267,63.260918
151,1,241.5582,325.81448,29.558197,-12.185516,31.971453
151,2,346.36972,319.93384,5.3697205,-19.066162,19.807888
151,3,247.93353,488.87665,25.933533,-49.123352,55.548645
152,0,114.54756,367.28098,65.54756,-0.71902466,65.551506
152,1,243.65596,325.54614,31.65596,-12.453857,34.01762
152,2,347.30032,318.98853,6.3003235,-20.011475,20.979828
152,3,250.01122,487.3128,28.011215,-50.687195,57.912174
153,0,115.723885,368.04736,66.723885,0.04736328,66.7239
153,1,244.53622,326.70572,32.536224,-11.294281,34.44077
153,2,346.5233,319.12473,5.523285,-19.875275,20.628456
153,3,251.01802,487.3498,29.01802,-50.650208,58.373703
154,0,115.56271,369.25854,66.56271,1.2585449,66.57461
154,1,244.12167,328.5205,32.121674,-9.479492,33.49123
154,2,345.16315,320.5433,4.163147,-18.456696,18.920397
154,3,250.45645,487.81717,28.456451,-50.18283,57.689564
155,0,114.02428,368.7865,65.02428,0.786499,65.02904
155,1,241.67534,328.68002,29.675339,-9.319977,31.104464
155,2,342.8562,320.09323,1.8562012,-18.906769,18.99767
155,3,248.07014,487.10934,26.070145,-50.890656,57.17964
156,0,113.24393,368.71494,64.24393,0.7149353,64.24791
156,1,240.43198,329.3476,28.431976,-8.652405,29.719376
156,2,340.85242,320.0471,-0.14758301,-18.952911,18.953487
156,3,246.37596,486.33487,24.375961,-51.66513,57.126816
157,0,113.76199,368.2116,64.76199,0.21160889,64.76234
157,1,240.55794,328.98883,28.557938,-9.011169,29.9459
157,2,340.10034,319.34906,-0.8996582,-19.65094,19.671524
157,3,246.47278,484.95108,24.472778,-53.04892,58.421783
158,0,116.2321,367.99884,67.2321,-0.001159668,67.2321
158,1,242.55373,328.80887,30.553726,-9.191132,31.906223
158,2,340.86343,318.75378,-0.13656616,-20.246216,20.246675
158,3,248.60439,483.48456,26.604385,-54.51544,60.66075
159,0,117.232445,367.62854,68.232445,-0.37145996,68.23346
159,1,242.8549,328.64243,30.854904,-9.357574,32.24266
159,2,341.00208,318.48355,0.0020751953,-20.516449,20.516449
159,3,248.85706,482.3415,26.857056,-55.65851,61.799442
160,0,117.04405,366.43768,68.04405,-1.5623169,68.06199
160,1,241.87212,327.5758,29.872116,-10.424194,31.638697
160,2,340.43777,317.78793,-0.56222534,-21.212067,21.219517
160,3,247.86693,480.61523,25.866928,-57.384766,62.945286
161,0,117.35408,364.52197,68.35408,-3.4780273,68.442505
161,1,241.56958,325.4352,29.56958,-12.564789,32.1284
161,2,339.913,315.61597,-1.0870056,-23.384033,23.409285
161,3,247.77763,477.8815,25.777634,-60.1185,65.411934
162,0,118.18712,362.82336,69.18712,-5.1766357,69.38051
162,1,241.55717,323.5334,29.557175,-14.466614,32.907593
162,2,339.85074,313.78793,-1.1492615,-25.212067,25.238247
162,3,248.06648,475.26062,26.066483,-62.73938,67.93888
163,0,118.73388,361.3377,69.73388,-6.6622925,70.051414
163,1,241.57051,322.03326,29.57051,-15.966736,33.60583
163,2,339.29453,312.54248,-1.7054749,-26.45752,26.51243
163,3,248.13434,472.856,26.134338,-65.14401,70.19078
164,0,117.67825,359.64053,68.67825,-8.359467,69.18514
164,1,240.16231,320.39844,28.162308,-17.601562,33.2104
164,2,337.53265,310.8743,-3.4673462,-28.125702,28.338623
164,3,246.62575,470.7108,24.625748,-67.289215,71.65379
165,0,118.25386,359.67694,69.25386,-8.323059,69.752205
165,1,240.33992,319.58203,28.33992,-18.417969,33.799004
165,2,337.0723,309.76416,-3.9277039,-29.23584,29.498495
165,3,247.66919,469.34387,25.66919,-68.65613,73.29783
166,0,119.33575,359.28854,70.33575,-8.711456,70.87318
166,1,241.06302,318.8707,29.063019,-19.129303,34.793526
166,2,336.8815,309.0053,-4.1184998,-29.99469,30.27612
166,3,248.84763,467.79202,26.847626,-70.20798,75.16618
167,0,118.723465,357.43445,69.723465,-10.565552,70.51945
167,1,240.14394,317.1548,28.143936,-20.845215,35.022907
167,2,335.90295,307.56894,-5.097046,-31.43106,31.841661
167,3,247.94063,465.50885,25.940628,-72.49115,76.992744
168,0,118.33168,355.24222,69.33168,-12.757782,70.4957
168,1,239.4584,315.35126,27.458405,-22.648743,35.593952
168,2,334.6573,306.15985,-6.3427124,-32.84015,33.447052
168,3,246.73993,463.05765,24.73993,-74.94235,78.92034
169,0,119.34882,353.6724,70.34882,-14.327606,71.793015
169,1,239.9122,313.9622,27.9122,-24.037811,36.83622
169,2,334.60873,304.74622,-6.391266,-34.253784,34.844944
169,3,247.04276,460.6312,25.042755,-77.368805,81.32079
170,0,120.54011,352.58588,71.54011,-15.414124,73.18184
170,1,240.3666,313.05856,28.366592,-24.941437,37.772194
170,2,334.71597,303.7994,-6.284027,-35.200592,35.757107
170,3,247.49039,458.5927,25.490387,-79.40729,83.3983
171,0,128.61685,345.29074,79.61685,-22.709259,82.79223
171,1,251.70055,312.8749,39.700546,-25.125092,46.983013
171,2,343.00482,302.40063,2.0048218,-36.599365,36.654232
171,3,255.99237,455.15054,33.99237,-82.84946,89.551735
172,0,124.43323,341.5116,75.43323,-26.488403,79.948784
172,1,246.56097,310.4707,34.560974,-27.529297,44.1851
172,2,339.0788,302.29733,-1.9212036,-36.702667,36.752914
172,3,248.79405,452.55243,26.794052,-85.44757,89.55003
173,0,128.95474,340.9568,79.95474,-27.043213,84.40436
173,1,250.99892,310.48077,38.998917,-27.519226,47.73074
173,2,341.98227,301.09027,0.9822693,-37.90973,37.92245
173,3,253.4413,451.03775,31.4413,-86.96225,92.47156
174,0,133.23694,342.11258,84.23694,-25.88742,88.12503
174,1,254.91745,311.01498,42.91745,-26.985016,50.69614
174,2,344.35867,300.5522,3.358673,-38.447815,38.59424
174,3,257.8969,450.63504,35.89691,-87.36496,94.45223
175,0,134.65643,343.2901,85.65643,-24.7099,89.14933
175,1,255.72256,311.98956,43.722565,-26.010437,50.87441
175,2,344.81003,300.9935,3.810028,-38.0065,38.196995
175,3,258.74237,450.5793,36.74237,-87.420685,94.82815
176,0,134.00073,345.2664,85.00073,-22.733612,87.988304
176,1,253.77596,313.15884,41.775955,-24.841156,48.603638
176,2,343.48242,302.9207,2.4824219,-36.079315,36.164616
176,3,257.03088,451.25803,35.030884,-86.741974,93.54856
177,0,135.03885,348.00574,86.03885,-19.994263,88.331505
177,1,253.82713,315.72275,41.827133,-22.277252,47.389713
177,2,342.5611,304.79752,1.5610962,-34.202484,34.23809
177,3,257.28522,452.85873,35.285217,-85.141266,92.163345
178,0,135.07936,348.841,86.07936,-19.158997,88.18573
178,1,253.26097,316.6552,41.26097,-21.344788,46.455006
178,2,341.59995,305.53842,0.59994507,-33.46158,33.466957
178,3,256.6045,453.06262,34.604492,-84.93738,91.71603
179,0,134.26651,348.82083,85.26651,-19.179169,87.396904
179,1,252.10704,316.786,40.10704,-21.21399,45.371883
179,2,340.22247,305.79605,-0.77752686,-33.20395,33.21305
179,3,254.80408,452.89807,32.804077,-85.10193,91.20551
180,0,132.12674,348.98758,83.12674,-19.01242,85.27325
180,1,249.6146,317.6973,37.614594,-20.302704,42.744095
180,2,337.7577,306.54993,-3.2423096,-32.450073,32.611652
180,3,251.59398,453.0494,29.593979,-84.95059,89.9578
181,0,130.76913,348.95535,81.769135,-19.044647,83.95767
181,1,247.62044,318.1591,35.620438,-19.840912,40.773487
181,2,335.66068,306.8466,-5.339325,-32.15341,32.593716
181,3,249.16121,452.8695,27.16121,-85.13049,89.358444
182,0,132.34528,349.5275,83.345276,-18.472504,85.36784
182,1,248.6911,318.66763,36.6911,-19.332367,41.47261
182,2,336.09317,307.08594,-4.90683,-31.914062,32.289074
182,3,250.30292,452.68533,28.302917,-85.31467,89.886856
183,0,132.70938,350.1616,83.70938,-17.83841,85.58896
183,1,248.61215,319.31747,36.612152,-18.682526,41.103363
183,2,335.95325,307.61185,-5.046753,-31.388153,31.791286
183,3,250.24084,452.74118,28.240845,-85.25882,89.814316
184,0,131.54742,350.6171,82.547424,-17.382904,84.35783
184,1,246.68524,320.22937,34.68524,-17.77063,38.972572
184,2,334.404,308.21555,-6.5960083,-30.784454,31.48317
184,3,248.13484,452.83936,26.134842,-85.160645,89.080666
185,0,131.28712,351.52722,82.287125,-16.472778,83.91975
185,1,245.40039,321.30518,33.40039,-16.694824,37.34037
185,2,333.17062,309.2214,-7.829376,-29.778595,30.790646
185,3,246.88927,453.0557,24.889267,-84.944305,88.515594
186,0,130.61084,352.4636,81.61084,-15.536407,83.07652
186,1,243.5865,322.62244,31.586502,-15.377563,35.130848
186,2,331.67126,310.28937,-9.328735,-28.710632,30.188171
186,3,245.5065,453.48077,23.5065,-84.519226,87.727165
187,0,128.99207,353.11502,79.992065,-14.884979,81.36518
187,1,240.79199,323.80585,28.791992,-14.194153,32.100666
187,2,329.35275,311.73138,-11.647247,-27.268616,29.65191
187,3,242.77267,453.74652,20.772675,-84.25348,86.77645
188,0,130.11081,353.59244,81.11081,-14.407562,82.38046
188,1,240.77672,324.4259,28.776718,-13.574097,31.817535
188,2,328.93942,311.47632,-12.060577,-27.523682,30.050135
188,3,243.08463,453.44193,21.084625,-84.558075,87.14717
189,0,132.17505,353.67603,83.17505,-14.323975,84.39944
189,1,241.81767,324.59244,29.817673,-13.407562,32.693367
189,2,329.69366,311.1292,-11.306335,-27.870789,30.076803
189,3,244.63004,452.47473,22.630035,-85.52527,88.46858
190,0,132.33047,353.58908,83.330475,-14.410919,84.56739
190,1,241.21788,324.63956,29.21788,-13.360443,32.12765
190,2,329.06747,311.0139,-11.932526,-27.986115,30.423803
190,3,244.21414,451.7532,22.214142,-86.246796,89.06165
191,0,133.87294,353.2373,84.87294,-14.762695,86.14728
191,1,242.02238,324.41653,30.022385,-13.583466,32.9523
191,2,329.9224,310.436,-11.077606,-28.563995,30.636827
191,3,245.32678,450.87897,23.326782,-87.12103,90.18987
192,0,135.3272,352.68912,86.327194,-15.310883,87.67444
192,1,242.70517,323.78384,30.70517,-14.216156,33.836468
192,2,330.64276,309.78165,-10.357239,-29.218353,30.99975
192,3,246.28334,449.7234,24.28334,-88.27661,91.55567
193,0,135.4352,352.26132,86.435196,-15.738678,87.856415
193,1,242.17123,323.61816,30.171234,-14.381836,33.423653
193,2,330.35764,309.83115,-10.6423645,-29.168854,31.04967
193,3,245.62395,449.01205,23.623947,-88.987946,92.07033
194,0,135.84552,352.33292,86.84552,-15.667084,88.24739
194,1,241.57278,324.3767,29.572784,-13.623291,32.559845
194,2,329.48697,310.22833,-11.513031,-28.771667,30.989655
194,3,244.9334,448.92618,22.933395,-89.07382,91.97873
195,0,137.91681,353.18042,88.91681,-14.81958,90.143326
195,1,242.52425,325.48993,30.524246,-12.510071,32.988354
195,2,329.69968,310.9829,-11.3003235,-28.01709,30.210175
195,3,246.06483,448.91415,24.064835,-89.085846,92.278946
196,0,141.08029,353.8718,92.08029,-14.128204,93.15786
196,1,245.00038,326.4908,33.00038,-11.509186,34.94977
196,2,330.74414,311.43997,-10.255859,-27.560028,29.406424
196,3,248.61533,448.63065,26.615326,-89.369354,93.24836
197,0,144.26706,353.9205,95.26706,-14.079498,96.30184
197,1,247.33932,326.91434,35.339325,-11.085663,37.037277
197,2,332.24716,311.65945,-8.752838,-27.340546,28.707449
197,3,250.98299,447.84833,28.982986,-90.15167,94.69603
198,0,146.61217,352.85013,97.61217,-15.149872,98.78084
198,1,249.1279,326.40677,37.1279,-11.593231,38.89581
198,2,333.46643,310.95746,-7.5335693,-28.042542,29.036852
198,3,252.45988,446.44403,30.459885,-91.55597,96.48989
199,0,147.77795,351.96777,98.777954,-16.032227,100.07056
199,1,249.67815,326.2138,37.678146,-11.786194,39.478565
199,2,333.52914,310.98355,-7.4708557,-28.016449,28.995432
199,3,252.62357,445.25803,30.623566,-92.741974,97.66717
200,0,150.87346,352.04913,101.87346,-15.950867,103.11465
200,1,252.15564,326.67233,40.15564,-11.327667,41.722794
200,2,335.21582,310.66934,-5.7841797,-28.330658,28.915098
200,3,255.2282,444.49097,33.228195,-93.50903,99.23736
201,0,153.60594,351.90475,104.60594,-16.095245,105.83695
201,1,254.41801,326.6709,42.418015,-11.329102,43.904858
201,2,336.68854,309.80972,-4.3114624,-29.190277,29.506964
201,3,257.8501,443.31735,35.850098,-94.68265,101.24245
202,0,152.98427,351.50375,103.98427,-16.496246,105.28464
202,1,253.20218,326.6609,41.20218,-11.339111,42.734
202,2,335.20117,309.36792,-5.798828,-29.63208,30.194149
202,3,256.83783,442.38052,34.83783,-95.61948,101.76816
203,0,150.44377,351.29596,101.44377,-16.70404,102.809845
203,1,249.49931,327.2573,37.499313,-10.742706,39.007748
203,2,331.4709,309.97968,-9.529114,-29.020325,30.544775
203,3,253.27739,441.82172,31.27739,-96.17828,101.13624
204,0,148.50845,351.06778,99.50845,-16.93222,100.93876
204,1,246.16359,327.77454,34.16359,-10.225464,35.661057
204,2,327.6851,310.42322,-13.314911,-28.576782,31.526487
204,3,249.99644,441.267,27.996445,-96.733,100.7029
205,0,147.38565,351.4611,98.38565,-16.53891,99.76608
205,1,243.77373,328.44547,31.773727,-9.554535,33.179195
205,2,325.2511,310.98227,-15.748901,-28.01773,32.140644
205,3,248.1305,440.9856,26.130493,-97.014404,100.47188
206,0,144.91946,351.71744,95.919464,-16.282562,97.29166
206,1,240.28638,329.24298,28.286377,-8.757019,29.610886
206,2,321.63342,311.4119,-19.366577,-27.588104,33.70709
206,3,244.94206,440.91373,22.942062,-97.08627,99.760124
207,0,142.44626,351.5733,93.44626,-16.426697,94.879074
207,1,236.84511,329.5311,24.845108,-8.468903,26.248842
207,2,317.88458,311.66263,-23.115417,-27.337372,35.8002
207,3,241.68214,440.49457,19.682144,-97.50543,99.47209
208,0,140.96019,350.86157,91.96019,-17.138428,93.54359
208,1,234.33298,329.117,22.332977,-8.882996,24.034756
208,2,314.96304,311.3965,-26.036957,-27.603485,37.94569
208,3,239.38855,439.45377,17.38855,-98.546234,100.06859
209,0,140.30884,350.1965,91.30884,-17.803497,93.02832
209,1,232.54474,328.72726,20.544739,-9.272736,22.540407
209,2,312.92035,311.0536,-28.07965,-27.946411,39.61652
209,3,237.92735,438.2455,15.927353,-99.754486,101.018005
210,0,139.3183,350.00745,90.3183,-17.992554,92.09303
210,1,230.44902,328.90997,18.44902,-9.090027,20.566841
210,2,310.43,311.01556,-30.570007,-27.984436,41.44459
210,3,236.2559,437.47818,14.255905,-100.52182,101.527664
211,0,138.6872,349.58517,89.687195,-18.414825,91.55817
211,1,228.83798,328.73117,16.837982,-9.268829,19.220531
211,2,308.3009,310.9492,-32.699097,-28.050812,43.082233
211,3,234.79897,436.53827,12.798965,-101.46173,102.26581
212,0,138.65814,348.8445,89.65814,-19.155487,91.6816
212,1,227.89445,328.49084,15.894455,-9.509155,18.521818
212,2,306.6176,310.55322,-34.382385,-28.446777,44.62474
212,3,233.99884,435.30682,11.99884,-102.69318,103.391785
213,0,139.12425,348.49487,90.12425,-19.505127,92.2108
213,1,227.21333,328.55276,15.213333,-9.447235,17.90798
213,2,305.45117,310.71243,-35.54883,-28.287567,45.43023
213,3,233.524,434.2854,11.524002,-103.7146,104.35287
214,0,139.09987,347.85645,90.09987,-20.143555,92.32415
214,1,225.88168,328.6676,13.881683,-9.332397,16.727066
214,2,303.0591,310.76205,-37.940887,-28.237946,47.2958
214,3,231.94559,433.18365,9.945587,-104.816345,105.28713
215,0,140.69168,347.6643,91.69168,-20.335693,93.91967
215,1,226.15396,329.13474,14.153961,-8.865265,16.701124
215,2,302.22,311.45117,-38.78,-27.548828,47.56917
215,3,232.08125,432.38293,10.081253,-105.617065,106.09711
216,0,144.27916,348.29843,95.27916,-19.701569,97.294754
216,1,228.78908,329.71396,16.789078,-8.286041,18.72249
216,2,303.61658,311.73544,-37.383423,-27.264557,46.269608
216,3,235.2281,431.83237,13.228104,-106.16763,106.98855
217,0,146.9394,348.09967,97.93941,-19.90033,99.94074
217,1,230.514,329.4373,18.514008,-8.562714,20.398249
217,2,304.04898,311.54297,-36.95102,-27.457031,46.035492
217,3,237.3739,430.51675,15.373901,-107.483246,108.57719
218,0,149.2241,347.09448,100.224106,-20.905518,102.38121
218,1,231.54636,328.69354,19.546356,-9.3064575,21.648792
218,2,304.24283,311.2369,-36.75717,-27.763092,46.063858
218,3,238.46973,428.70172,16.469727,-109.29828,110.53219
219,0,151.43681,346.2124,102.43681,-21.787598,104.72822
219,1,232.51726,328.49576,20.517258,-9.504242,22.611689
219,2,304.01715,311.35086,-36.98285,-27.64914,46.175816
219,3,239.26396,427.16678,17.263962,-110.83322,112.16972
220,0,153.6778,345.37628,104.677795,-22.623718,107.094696
220,1,233.3582,328.23877,21.3582,-9.76123,23.483065
220,2,303.80557,311.13318,-37.194427,-27.866821,46.47564
220,3,239.93185,425.515,17.931854,-112.484985,113.90533
221,0,156.4084,344.36212,107.4084,-23.637878,109.9787
221,1,234.80568,327.51755,22.80568,-10.482452,25.099419
221,2,303.8267,310.43756,-37.17331,-28.562439,46.87929
221,3,241.52263,423.5584,19.522629,-114.44159,116.09483
222,0,159.43709,343.43817,110.43709,-24.561829,113.13547
222,1,236.71422,326.587,24.714218,-11.412994,27.222216
222,2,304.51337,309.70917,-36.486633,-29.290833,46.78918
222,3,243.45161,421.74228,21.451614,-116.25772,118.22026
223,0,161.94942,342.6086,112.94942,-25.391388,115.76828
223,1,237.89737,326.17923,25.89737,-11.82077,28.467602
223,2,304.31195,309.36325,-36.68805,-29.63675,47.163013
223,3,244.55304,420.0382,22.55304,-117.96179,120.0984
224,0,164.96687,342.26157,115.96687,-25.738434,118.78881
224,1,239.33963,326.41415,27.33963,-11.585846,29.693218
224,2,304.37964,309.45508,-36.62036,-29.544922,47.052666
224,3,245.82657,418.5677,23.826569,-119.43231,121.785805
225,0,169.52454,342.5215,120.524536,-25.478485,123.18814
225,1,242.54315,326.9461,30.543152,-11.053894,32.481884
225,2,305.98456,309.77408,-35.01544,-29.225922,45.6096
225,3,249.23218,417.57532,27.232178,-120.42468,123.46536
226,0,173.5686,342.85587,124.5686,-25.144135,127.08094
226,1,245.15976,327.46463,33.15976,-10.53537,34.793156
226,2,307.15054,310.28894,-33.849457,-28.71106,44.38593
226,3,251.97557,416.68106,29.97557,-121.31894,124.96728
227,0,176.50352,343.1479,127.503525,-24.852112,129.90294
227,1,246.45247,327.98474,34.45247,-10.015259,35.87866
227,2,306.98828,310.79623,-34.01172,-28.203766,44.184265
227,3,253.31972,415.5447,31.319717,-122.45529,126.39709
228,0,180.1385,343.58698,131.1385,-24.413025,133.39154
228,1,248.60847,328.63525,36.608475,-9.364746,37.787285
228,2,307.5212,311.3345,-33.47879,-27.665497,43.430508
228,3,255.41512,414.63907,33.415115,-123.36093,127.80645
229,0,183.59816,343.99518,134.59816,-24.004822,136.72195
229,1,250.5588,329.0307,38.558807,-8.969299,39.588257
229,2,307.9785,311.51727,-33.021515,-27.482727,42.961853
229,3,257.6554,413.36133,35.655396,-124.63867,129.63837
230,0,186.5109,343.92944,137.5109,-24.070557,139.60172
230,1,252.08731,328.9142,40.08731,-9.085785,41.10406
230,2,308.003,311.27518,-32.99701,-27.724823,43.09836
230,3,259.4406,411.6528,37.440613,-126.3472,131.7779
231,0,188.88416,343.58444,139.88416,-24.415558,141.99893
231,1,253.10156,328.68414,41.101562,-9.315857,42.14408
231,2,307.46643,311.09915,-33.53357,-27.900848,43.622902
231,3,260.43295,409.98868,38.432953,-128.01132,133.65623
232,0,189.71411,342.89786,140.71411,-25.102142,142.93558
232,1,252.43835,328.3391,40.438354,-9.660889,41.576355
232,2,305.42145,310.71225,-35.578552,-28.28775,45.453606
232,3,259.63806,408.24466,37.63806,-129.75534,135.10393
233,0,189.23555,342.56635,140.23555,-25.433655,142.52327
233,1,250.19188,328.29355,38.19188,-9.706451,39.406025
233,2,302.162,310.81833,-38.838013,-28.181671,47.985394
233,3,257.15738,406.8058,35.15738,-131.19421,135.82327
234,0,189.36484,341.87067,140.36484,-26.129333,142.77615
234,1,248.84886,327.89456,36.84886,-10.105438,38.209404
234,2,299.6921,310.67725,-41.30789,-28.322754,50.08513
234,3,255.40364,405.2386,33.40364,-132.76141,136.89922
235,0,189.55226,341.73547,140.55226,-26.264526,142.98518
235,1,247.69444,328.0702,35.694443,-9.92981,37.04989
235,2,297.34045,310.97733,-43.659546,-28.022675,51.87896
235,3,253.99007,404.09128,31.990067,-133.90872,137.67683
236,0,189.23256,339.2998,140.23256,-28.700195,143.13934
236,1,246.4616,326.37866,34.461594,-11.621338,36.36835
236,2,294.78323,309.7765,-46.216766,-29.22351,54.68092
236,3,251.91396,401.07114,29.913956,-136.92886,140.15834
237,0,191.69753,334.62408,142.69753,-33.375916,146.54875
237,1,248.73708,322.13144,36.737076,-15.868561,40.017796
237,2,295.79645,305.8154,-45.203552,-33.1846,56.076546
237,3,254.19998,395.4715,32.19998,-142.5285,146.12054
238,0,196.64067,331.63626,147.64067,-36.36374,152.05292
238,1,253.82121,318.75464,41.821213,-19.245361,46.03692
238,2,299.03693,302.2791,-41.963074,-36.720886,55.761303
238,3,260.36896,391.12585,38.368958,-146.87415,151.80313
239,0,198.63658,328.89954,149.63658,-39.100464,154.66077
239,1,255.29175,315.6271,43.291748,-22.372894,48.731117
239,2,299.3861,299.58258,-41.61389,-39.41742,57.318832
239,3,262.03015,387.2047,40.03015,-150.79529,156.01805
240,0,200.9079,328.27805,151.9079,-39.721954,157.01543
240,1,256.6933,314.50784,44.6933,-23.492157,50.49131
240,2,299.62277,298.35587,-41.377228,-40.644135,58.000175
240,3,263.7784,385.27954,41.77841,-152.72046,158.33185
241,0,202.53325,329.1837,153.53325,-38.816315,158.36403
241,1,257.2094,315.3347,45.20941,-22.665314,50.572792
241,2,299.06827,298.89297,-41.931732,-40.107025,58.02451
241,3,264.59915,385.1181,42.59915,-152.8819,158.7059
242,0,202.56085,329.54675,153.56085,-38.453247,158.3022
242,1,256.23904,316.42087,44.239044,-21.579132,49.22146
242,2,297.11697,300.3088,-43.883026,-38.691193,58.50409
242,3,262.93726,385.31226,40.937256,-152.68774,158.08038
243,0,201.49297,329.387,152.49297,-38.613007,157.30566
243,1,254.44327,317.1228,42.443268,-20.877197,47.299984
243,2,294.50018,301.6771,-46.499817,-37.322906,59.62577
243,3,260.1565,385.3439,38.156494,-152.6561,157.35248
244,0,200.58064,329.9771,151.58064,-38.02289,156.27678
244,1,252.88562,318.48135,40.88562,-19.518646,45.305756
244,2,291.99304,303.45355,-49.006958,-35.546448,60.54116
244,3,257.76007,385.94733,35.76007,-152.05267,156.20114
245,0,200.45482,331.10706,151.45482,-36.892944,155.88345
245,1,251.91788,320.2513,39.917877,-17.748688,43.685844
245,2,290.2038,305.4628,-50.796204,-33.5372,60.8687
245,3,256.18585,387.1654,34.185852,-150.8346,154.6601
246,0,200.61394,331.8284,151.61394,-36.1716,155.86908
246,1,251.5519,321.7255,39.551895,-16.274506,42.769287
246,2,288.91608,307.30023,-52.083923,-31.699768,60.97221
246,3,255.02922,388.0527,33.02922,-149.9473,153.54192
247,0,200.8628,333.11725,151.8628,-34.88275,155.81757
247,1,251.19507,322.94202,39.19507,-15.057983,41.98805
247,2,287.66833,308.67694,-53.331665,-30.32306,61.349445
247,3,254.60677,388.6913,32.606766,-149.30869,152.82764
248,0,200.6967,335.45032,151.6967,-32.549683,155.1495
248,1,249.84381,324.98825,37.84381,-13.011749,40.01824
248,2,286.57254,310.02698,-54.42746,-28.973022,61.65861
248,3,253.71432,390.2814,31.714325,-147.7186,151.08469
249,0,201.02255,337.34952,152.02255,-30.650482,155.08162
249,1,249.71713,327.37946,37.717133,-10.620544,39.1839
249,2,285.70944,312.14368,-55.290558,-26.856323,61.467945
249,3,253.68033,392.32822,31.680328,-145.67178,149.07686
250,0,198.88435,338.37967,149.88435,-29.62033,152.78313
250,1,246.99754,328.78198,34.997543,-9.218018,36.19116
250,2,283.02948,313.75388,-57.97052,-25.246124,63.22933
250,3,250.11978,393.50928,28.119781,-144.49072,147.20154
251,0,199.15956,340.10965,150.15956,-27.89035,152.72775
251,1,246.93617,330.3542,34.936172,-7.645813,35.763035
251,2,282.29926,314.88263,-58.700745,-24.11737,63.461994
251,3,250.7046,394.95282,28.704605,-143.04718,145.89877
252,0,199.1805,340.90536,150.1805,-27.094635,152.60504
252,1,246.34189,330.1943,34.34189,-7.8056946,35.21781
252,2,281.8453,314.07352,-59.154694,-24.926483,64.191956
252,3,251.2892,394.68222,29.2892,-143.31778,146.28001
253,0,200.9813,341.79428,151.9813,-26.205719,154.22403
253,1,247.7076,329.97403,35.707596,-8.02597,36.598476
253,2,282.82715,312.6069,-58.17285,-26.393097,63.880173
253,3,254.61482,394.3775,32.614822,-143.6225,147.27914
254,0,199.44267,341.73013,150.44267,-26.269867,152.71904
254,1,245.43065,329.99796,33.43065,-8.002045,34.375004
254,2,280.82568,311.73743,-60.174316,-27.262573,66.062065
254,3,252.80661,394.2076,30.80661,-143.79239,147.05544
255,0,196.81873,341.17535,147.81873,-26.824646,150.23294
255,1,242.5187,330.15717,30.518707,-7.8428345,31.51034
255,2,277.60938,311.77405,-63.390625,-27.225952,68.99003
255,3,249.58084,394.14978,27.580841,-143.85022,146.47043
256,0,192.81834,339.68533,143.81834,-28.314667,146.57912
256,1,238.2646,330.14407,26.264603,-7.8559265,27.41432
256,2,273.47168,312.28955,-67.52832,-26.71045,72.619026
256,3,243.9327,393.93454,21.932693,-144.06546,145.72543
257,0,189.50871,337.88068,140.50871,-30.119324,143.70064
257,1,234.8108,329.63287,22.810806,-8.367126,24.296947
257,2,269.99548,312.41232,-71.00452,-26.587677,75.81917
257,3,238.83076,393.43134,16.830765,-144.56866,145.54509
258,0,187.57518,337.2585,138.57518,-30.741486,141.94408
258,1,232.7866,329.85428,20.786606,-8.145721,22.325674
258,2,267.82208,312.94565,-73.17792,-26.054352,77.67777
258,3,235.86362,393.5108,13.863617,-144.4892,145.15277
259,0,187.18092,338.25006,138.18092,-29.749939,141.34718
259,1,232.26265,330.78296,20.26265,-7.217041,21.509548
259,2,267.1212,313.66,-73.878815,-25.339996,78.103745
259,3,235.50395,394.3373,13.503952,-143.66269,144.29597
260,0,188.7781,339.87048,139.7781,-28.129517,142.58046
260,1,233.68811,331.5516,21.68811,-6.448395,22.626444
260,2,268.37158,313.70978,-72.62842,-25.290222,76.90567
260,3,238.31796,395.01022,16.317963,-142.98978,143.91786
261,0,191.62402,341.47406,142.62402,-26.52594,145.06976
261,1,236.40291,331.85355,24.402908,-6.146454,25.165071
261,2,270.85852,313.15463,-70.14148,-25.845367,74.751656
261,3,242.7598,395.28482,20.759796,-142.71518,144.21716
262,0,194.61122,342.8567,145.61122,-25.14331,147.76607
262,1,239.13219,331.9169,27.132187,-6.0830994,27.805748
262,2,273.5496,312.36453,-67.45041,-26.635468,72.519005
262,3,247.37195,395.2818,25.371948,-142.7182,144.95593
263,0,198.6044,343.71417,149.6044,-24.285828,151.56279
263,1,242.70204,331.1916,30.702042,-6.8084106,31.44789
263,2,277.04007,310.61447,-63.95993,-28.385529,69.975784
263,3,253.2709,394.30356,31.270905,-143.69644,147.05963
264,0,202.41241,343.91904,153.41241,-24.080963,155.2909
264,1,246.77275,330.11026,34.77275,-7.88974,35.656586
264,2,280.53494,308.58594,-60.465057,-30.414062,67.68337
264,3,258.8249,393.0943,36.82489,-144.9057,149.51166
265,0,203.65955,343.5525,154.65955,-24.44751,156.57986
265,1,248.06245,329.53534,36.062454,-8.464661,37.042557
265,2,281.67554,308.207,-59.324463,-30.793,66.84011
265,3,259.9834,392.63184,37.9834,-145.36816,150.2486
266,0,204.94012,343.77798,155.94012,-24.222015,157.8101
266,1,249.35712,329.76947,37.357117,-8.23053,38.253048
266,2,282.90604,308.66388,-58.093964,-30.33612,65.53769
266,3,261.06335,392.9549,39.063354,-145.0451,150.21327
267,0,205.01863,344.36383,156.01863,-23.63617,157.79886
267,1,249.54166,330.96622,37.541656,-7.033783,38.194897
267,2,282.91788,310.17355,-58.082123,-28.826447,64.842094
267,3,260.54947,393.9742,38.54947,-144.02579,149.09557
268,0,206.3998,344.40536,157.3998,-23.594635,159.15842
268,1,250.89198,331.33588,38.891983,-6.6641235,39.458797
268,2,284.10092,310.68634,-56.89908,-28.31366,63.55445
268,3,261.48456,394.2249,39.48456,-143.77509,149.09831
269,0,208.16779,344.3106,159.16779,-23.689392,160.921
269,1,252.48676,331.4111,40.486755,-6.5888977,41.019398
269,2,285.6584,310.7813,-55.341614,-28.218689,62.120758
269,3,262.9018,394.083,40.901794,-143.91699,149.61638
270,0,209.65291,343.84464,160.65291,-24.155365,162.45874
270,1,253.96933,330.88458,41.96933,-7.1154175,42.568226
270,2,286.90378,310.2972,-54.096222,-28.70279,61.239296
270,3,264.4693,393.49136,42.4693,-144.50864,150.62001
271,0,211.06775,343.1024,162.06775,-24.897614,163.96904
271,1,255.34511,329.9356,43.345108,-8.064392,44.08892
271,2,288.1958,309.1348,-52.8042,-29.865204,60.664764
271,3,266.00974,392.4205,44.009735,-145.5795,152.08632
272,0,211.352,341.79752,162.352,-26.202484,164.45287
272,1,255.46191,329.05533,43.461914,-8.944672,44.3728
272,2,288.39868,308.54364,-52.60132,-30.45636,60.782303
272,3,265.6611,391.50055,43.661102,-146.49945,152.8672
273,0,210.90785,341.0942,161.90785,-26.905792,164.12822
273,1,255.16547,328.75198,43.165466,-9.248016,44.145023
273,2,287.90613,308.43613,-53.093872,-30.563873,61.262627
273,3,264.71558,391.23624,42.715576,-146.76376,152.85359
274,0,211.6047,341.72876,162.6047,-26.27124,164.71329
274,1,255.8194,329.2668,43.819397,-8.733185,44.681183
274,2,288.46545,308.7787,-52.534546,-30.221313,60.60698
274,3,265.56076,391.60382,43.56076,-146.39618,152.73958
275,0,212.42046,342.63498,163.42046,-25.36502,165.37724
275,1,256.65198,330.27072,44.651978,-7.7292786,45.31601
275,2,289.2181,309.80237,-51.78189,-29.197632,59.446327
275,3,266.3543,392.5088,44.35431,-145.49121,152.10193
276,0,213.15102,342.91183,164.15102,-25.088165,166.05714
276,1,257.4463,330.75018,45.44629,-7.249817,46.02092
276,2,289.72824,310.51248,-51.27176,-28.487518,58.654343
276,3,266.85443,392.8991,44.85443,-145.10089,151.87558
277,0,213.66222,342.11063,164.66222,-25.889374,166.68504
277,1,258.02032,329.98538,46.020325,-8.014618,46.713
277,2,290.26273,309.79535,-50.737274,-29.20465,58.542145
277,3,267.34552,392.1529,45.34552,-145.8471,152.73373
278,0,212.95413,340.9812,163.95413,-27.018799,166.1655
278,1,257.29715,329.28876,45.29715,-8.711243,46.12719
278,2,289.5313,309.44318,-51.46869,-29.556824,59.351765
278,3,265.9408,391.45935,43.940796,-146.54065,152.98679
279,0,213.42514,340.56284,164.42514,-27.437164,166.69861
279,1,257.64648,328.8025,45.646484,-9.19751,46.56389
279,2,289.80316,308.97763,-51.19684,-30.02237,59.350307
279,3,266.3821,390.96252,44.38211,-147.03748,153.58969
280,0,214.51804,341.02917,165.51804,-26.970825,167.70107
280,1,258.7539,328.55988,46.753906,-9.4401245,47.69742
280,2,290.78546,308.01135,-50.21454,-30.988647,59.00675
280,3,268.46857,390.67514,46.468567,-147.32486,154.47958
281,0,213.09132,341.69434,164.09132,-26.305664,166.1865
281,1,257.35822,329.366,45.358215,-8.634003,46.17265
281,2,289.5421,308.75235,-51.457886,-30.24765,59.689484
281,3,267.1714,391.40213,45.171387,-146.59787,153.39944
282,0,211.22972,342.6613,162.22972,-25.338715,164.19662
282,1,255.37117,330.83636,43.37117,-7.1636353,43.958797
282,2,287.69894,310.20148,-53.301056,-28.798523,60.583473
282,3,264.8199,392.87625,42.819885,-145.12375,151.30911
283,0,210.7792,343.16846,161.7792,-24.831543,163.67381
283,1,254.8168,331.56992,42.816803,-6.430084,43.296936
283,2,287.42313,310.82382,-53.576874,-28.176178,60.53411
283,3,264.17587,393.64542,42.175873,-144.35458,150.38966
284,0,211.11894,342.91403,162.11894,-25.085968,164.04834
284,1,255.14781,331.35016,43.14781,-6.6498413,43.657234
284,2,287.6731,310.5903,-53.326904,-28.409698,60.42243
284,3,264.35992,393.44998,42.359924,-144.55002,150.62892
285,0,210.3417,342.7464,161.3417,-25.253601,163.30612
285,1,254.50446,331.41043,42.504456,-6.589569,43.012222
285,2,287.1259,310.81888,-53.874115,-28.181122,60.799637
285,3,263.43732,393.62726,41.437317,-144.37274,150.20166
286,0,210.06662,342.0575,161.06662,-25.942505,163.14249
286,1,254.23302,330.62552,42.233017,-7.374481,42.872025
286,2,286.86868,310.08774,-54.131317,-28.912262,61.36871
286,3,263.22516,392.9618,41.22516,-145.03821,150.78328
287,0,209.26813,341.86646,160.26813,-26.133545,162.38484
287,1,253.13556,330.33884,41.13556,-7.6611633,41.842896
287,2,285.68423,309.64532,-55.315765,-29.354675,62.622128
287,3,262.43304,392.52548,40.433044,-145.47452,150.98897
